source,transaction,property_id,link,property_name,description,address_street,address_town,address_zrea,room_number,floor_area,building_status,year_of_construction,year_of_top,floor,energ_cert,price,price_area,photo_url_1,photo_url_2,photo_url_3
bazos_sk,predam,184270716,https://reality.bazos.sk/inzerat/184270716/priestranny-2-izbovy-byt.php,Priestranný 2-izbový byt,"Ponúkame na predaj priestranný a svetlý 2-izbový byt v jednej z najvyhľadávanejších lokalít mesta Trnava – na ulici B. Smetanu, v obľúbenej mestskej časti Prednádražie. Výmera a dispozícia: Byt sa nachádza na 3. poschodí zo 7 v zateplenom bytovom dome s novým výťahom. Celková výmera bytu je 50,77 m², z toho samotný byt má 49,90 m² a pivnica 0,87 m². Dispozícia bytu je praktická a veľkorysá – pozostáva z: •	2 samostatných obytných miestností, •	priestrannej kuchyne, •	kúpeľne s rohovou vaňou, •	samostatného WC, •	a samostatnej miestnosti vhodnej ako šatník alebo komora. Stav nehnuteľnosti: Byt prešiel rekonštrukciou, je vo veľmi dobrom stave a pripravený na nasťahovanie bez nutnosti ďalších veľkých investícií. Lokalita: Táto časť mesta je známa skvelou občianskou vybavenosťou a dostupnosťou. V bezprostrednej blízkosti nájdete: •	potraviny (COOP, Lidl, Billa), •	lekáreň, poštu, zdravotné stredisko, •	školy a škôlky, •	kaviarne a menšie obchodíky, •	športoviská, detské ihriská a rozsiahle zelené plochy, •	obchodné centrum OC MAX Trnava. Dopravná dostupnosť je výborná – zastávky MHD sú len pár krokov od domu, v tesnej blízkosti sa nachádza aj železničná stanica, a centrum mesta je dostupné pešo, na bicykli aj autom za pár minút. Pre koho je byt ideálny? Vďaka svojej polohe, výmere a praktickému riešeniu priestoru je tento byt výbornou voľbou: •	ako štartovacie bývanie pre mladý pár, •	pre jednotlivcov hľadajúcich pokojné bývanie v meste, •	alebo ako investičná nehnuteľnosť s výbornou prenajímateľnosťou. ________________________________________ Zaujala vás táto ponuka? Neváhajte nás kontaktovať a dohodnúť si obhliadku. Tento byt má ideálnu kombináciu – pokojné bývanie s kompletnou vybavenosťou a skvelou dostupnosťou „na dosah ruky.“ V cene je už zahrnutý aj kompletný právny servis, vypracovanie zmlúv, poplatky spojené s prevodom vlastníckych práv. Samozrejme vieme vybaviť aj financovanie. Kontaktujte nás ešte dnes a dohodnite si osobnú obhliadku tejto unikátnej nehnuteľnosti. Viac info a obhliadky na tel. č: 0907 431 437 alebo prostredníctvom e-mailu: kitta@hermesestate.sk. V cene je zahrnutý právny servis.",,Trnava,,,51,Kompletná rekonštrukcia,,,,,138000,2706,https://www.bazos.sk/img/1/716/184270716.jpg?t=1761202618,https://www.bazos.sk/img/1t/716/184270716.jpg?t=1761202618,https://www.bazos.sk/img/2t/716/184270716.jpg?t=1761202618
bazos_sk,predam,184695152,https://reality.bazos.sk/inzerat/184695152/dom-za-cenu-bytu-v-lukrativnej-lokalite-pri-trnave.php,DOM NOVOSTAVBA ZA CENU BYTU lukratívna lokalita pri Trnave,"Ak túžite po novostavbe samostatného rodinného domu a máte obmedzený rozpočet, táto ponuka je práve pre vás. Ak ste single, pár alebo menšia rodinka, tento 3-izbový dom /86 m/ vám poskytne plnohodnotné komfortné bývanie ako vo veľkom dome a pritom šetríte náklady na údržbu a prevádzku /na 2 osoby 84 EUR/. Izby sú priestranné, presvetlené veľkými oknami. Do Trnavy na diaľnicu čo by kameňom dohodil zo Špačiniec. Obec s kompletnou občianskou vybavenosťou. Romantická terasa, malá záhradka na malé pestovateľské úspechy, kvety a bylinky a ešte vám ostane čas na hubárčenie, turistiku a cyklistiku v Karpatoch alebo čokoľvek iné, čo vás baví. Prežili sme tu niekoľko rokov, vieme čo ponúkame a budem radi ak si tento koncept úsporného a ekologického bývania nájde nového pokračovateľa. Ak chcete mať romantické Vianoce v romantickom domčeku, tak volajte. RK nie. Bezpečný prevod u notára. Výhody domu: - v tradičnej zástavbe, mimo satelitnej zástavby - lokalita - obec Špačince s kompletnou občianskou vybavenosťou, do Trnavy alebo na dialnicu 5 minút - orientácia - juhovýchodná, krásne presvetlený celý deň - nízke mesačné náklady - 84 EUR/mesačne vrátane elektriny - nábytok na mieru, vkusné, nadčasové, štýlová kúpelňa, kvalitné podlahy, vonkajšie rolety, vnútorné žalúzie - dispozícia - chodba, kuchyňa s obyvačkou, veľká kupelňa, spálňa, detská izba alebo pracovňa /3 izbový/ - spotrebiče - nové, vrátane TV a satelitu - záhrada - udržiavaná, maximálne využitý priestor, bylinky, 10 ks rodiacich ríbezlí, egreš, figa, čerešňa, višňa - parkovanie - dve parkovacie miesta",,Trnava,,3,,Novostavba,,,,,138000,,https://www.bazos.sk/img/1/152/184695152.jpg?t=1761815228,https://www.bazos.sk/img/1t/152/184695152.jpg?t=1761815228,https://www.bazos.sk/img/2t/152/184695152.jpg?t=1761815228
bazos_sk,predam,184175516,https://reality.bazos.sk/inzerat/184175516/byty-cifer-novostavba-60m2.php,Byty cifer novostavba 60m2,"Ponúkame na predaj Novostavbu štýlovy 2-izbový byt 60m2 + loggia v novej lokalite Slnečné pozemky - Cífer - Pác. Projekt sa už realizuje a predpokladaný termín dokončenia október 2025 Byt sa predáva v stave holobyt s možnosťou dokončenia do štandardu. Moderný štandard zahŕňa: - podlahy v celom byte - laminátové parkety - interiérové dvere vrátane zárubní a kľučiek - sanita (WC, vaňa, umývadlo s batériou) - obklady a dlažby - predpríprava na klimatizáciu Bytový dom je postavený z pálenej tehly s dôrazom na kvalitu materiálov a predciznu prácu.V celom byte je podlahové kúrenie a veľkoformátové okná, ktoré presvetlia celý byt. Táto nová lokalita - Slnečné pozemky ponúka škôlku priamo v tejto lokalite rekreačné stredisko s kúpaliskom a športovým vyžitím obklopené prírodou. tenisové kurty s osvetlením, joga, futbalový a hádzanársky klub, športová hala. Lokalita: výborná občianska vybavenosť: materská škola priamo v lokalite základná škola, umelecká škola, detský lekár, zubný lekár, športoviská, kúpalisko, cyklotrasy, reštaurácie.. Výborné dopravné napojenie na D1, R1 dostupnosť vlakovej a autobusovej stanice.",,Trnava,,,60,Novostavba,,,,,,,https://www.bazos.sk/img/1/516/184175516.jpg?t=1761244383,https://www.bazos.sk/img/1t/516/184175516.jpg?t=1761244383,https://www.bazos.sk/img/2t/516/184175516.jpg?t=1761244383
bazos_sk,predam,184108660,https://reality.bazos.sk/inzerat/184108660/stylovy-3-izbovy-byt-s-loggiou-a-parkingom-nadherny-vyhlad.php,Bývanie v 3.izbovom byte s loggiu a PARKINGOM v Trnave,"Predstav si, že ráno vstaneš, pripravíš si voňavú kávu v modernej kuchyni so vstavanými spotrebičmi a vyjdeš na priestrannú loggiu, kde ťa privíta panoramatický výhľad na Trnavu a Malé Karpaty. Po práci si tu môžeš vychutnať pohár vína pri západe slnka, alebo si v lete dopriať raňajky na čerstvom vzduchu. REALL INVEST predstavuje . . . . . . Byt s rozlohou 72 m² na 11. podlaží bytového domu na ulici Koniarekova v Trnave prešiel kompletnou a kvalitnou rekonštrukciou – od nových rozvodov, cez podlahy, až po modernú kúpeľňu a kuchyňu. Dispozícia a atmosféra bytu: Vstupná chodba, ktorá pôsobí vzdušne a prakticky prepája všetky miestnosti. Izba s veľkým oknom a nádherným výhľadom – ideálna ako spálňa alebo pracovňa. Samostatná toaleta a kúpeľňa s vaňou a druhou toaletou pre maximálne pohodlie. Svetlá kuchyňa s dostatkom pracovnej plochy a priestorom na spoločné varenie aj stolovanie. Ďalšia izba s veľkým vstavaným rolldorom, ktorý ukryje všetko potrebné. Priestranná obývacia izba – dostatočne veľká, aby pojala pohodlnú sedačku aj jedálenský stôl, kde sa zídu priatelia a rodina. Bonusy, ktoré si zamiluješ: Parkovacie miesto v osobnom vlastníctve – obrovská výhoda v Trnave, kde je parkovanie často problém. Parkovisko je ohradené a dostanete sa tam výhradne len cez elektrickú rampu . K bytu nám ešte prislúcha komora, ktorú je možné využiť aj ako praktický šatník alebo priestor pre nepotrebné/potrebné veci . Výborná poloha – rýchle napojenie na diaľnicu, kompletná občianska vybavenosť v pešej dostupnosti. V prípade záujmu o viac informácií alebo obhliadku ma neváhajte kontaktovať na uvedenom tel. čísle . Tešíme sa na spoločnú spoluprácu :) byt trnava,predaj byt,byt Trnava , byt trnava",,Trnava,,,72,Kompletná rekonštrukcia,,,,,138000,1917,https://www.bazos.sk/img/1/660/184108660.jpg?t=1760475463,https://www.bazos.sk/img/1t/660/184108660.jpg?t=1760475463,https://www.bazos.sk/img/2t/660/184108660.jpg?t=1760475463
bazos_sk,predam,184158846,https://reality.bazos.sk/inzerat/184158846/trnava-predaj-2-izboveho-bytu-s-dvomi-loggiami.php,Trnava - predaj 2 izbového bytu s dvomi loggiami.,"Vo výhradnom zastúpení klient Vám ponúkame na predaj priestranný 1-izbový byt, ktorý prešiel v roku 2025 kompletnou a kvalitnou rekonštrukciou, počas ktorej bol dispozične upravený na 2-izbový byt. Nachádza sa na ulici Jiráskova. Dispozícia: vstupná chodba, kuchyňa s obývačkou, spálňa, kúpeľňa so sprchovým kútom a samostatné WC + 2 loggie a menšia pivnica. Výhody bytu: dve priestranné loggie – ideálne na relax. Kompletná rekonštrukcia (2025) zahŕňa : nové elektrické rozvody, podlahy, okná, kúpeľňa, kuchyňa a spotrebiče. Nízke mesačné náklady. Byt je kúpou ihneď voľný, vhodný aj ako investícia na prenájom. Byt sa nachádza v dobrej lokalite s kompletnou občianskou vybavenosťou / materské škôlky, škola, lekáreň, pošta, nákupné stredisko Kraj .......výborná dostupnosť MHD. Podrobnosti: výmera: 42 m2 + 2x uzatvorená loggia. Poschodie: 12 z 13 poschodí, zateplená bytovka d dvomi výťahmi. V posledných rokoch prešla lokalita viacerými zmenami. Pripravuje sa komplexná revitalizácia verejných priestorov sídliska, plánovaná na jar 2026.Kontakt  0905 439 516",,Trnava,,2,42,Kompletná rekonštrukcia,,2025,,,138000,3286,https://www.bazos.sk/img/1/846/184158846.jpg?t=1760523804,https://www.bazos.sk/img/1t/846/184158846.jpg?t=1760523804,https://www.bazos.sk/img/2t/846/184158846.jpg?t=1760523804
bazos_sk,predam,184775610,https://reality.bazos.sk/inzerat/184775610/na-predaj-3-izbovy-byt-po-rekonstrukcii-s-dvomi-loggiami.php,Na predaj 3 izbový byt po rekonštrukcii s dvomi loggiami,"Exkluzívne u nás na predaj 3-izbový byt s DVOMA loggiami a panoramatickým výhľadom. Ak hľadáte byt s výbornou dostupnosťou, praktickým dispozičným riešením a krásnym výhľadom? Práve ste ho našli!  3-izbový byt, ktorý poskytuje príjemné bývanie pre rodinu. K bytu patria dve loggie s pekným výhľadom na panorámu a okolie, ideálne na rannú kávu alebo večerné posedenie. Dispozícia a vybavenie: vstupná chodba, kuchyňa s kuchynskou linkou a výstupom na prvú loggiu, obývacia izba s výstupom na druhú loggiu, dve samostatné, nepriechodné izby, spálňa a detská izba  (pracovňa), kúpeľňa s novými obkladmi, sanitou a sprchovacím kútom, samostatné WC. Súčasťou bytu je pivnica a možnosť využitia kočikárne/priestoru na odkladanie bicyklov. Lokalita a dostupnosť: byt sa nachádza vo vyhľadávanej lokalite s kompletnou občianskou vybavenosťou: základná škola, materská škola, obchodné centrum, výborná dostupnosť do centra mesta, jednoduché a rýchle napojenie na diaľnicu D1 (smer BA, NR, TN). Cena a servis: v cene je zahrnutý kompletný realitný a právny servis zabezpečený renomovanou advokátskou kanceláriou. Ako členovia ZDRUŽENIA REALITNÝCH KANCELÁRIÍ SLOVENSKA vám navyše vieme zabezpečiť výhodné financovanie nehnuteľnosti a jej poistenie. Zaujala Vás táto ponuka? Neváhajte ma kontaktovať a dohodnite si obhliadku! Bližšie informácie a obhliadky: Maklér Pavel Opatovský, t.č.: 0903 462 434 Dodatok k cene: Info v RK Obytná plocha: 67m² Celková rozloha: 72m² Úžitková plocha: 67m² Vlastníctvo: osobné Stav: po rekonštrukcii Plyn: áno Internet: lokálny poskytovateľ Kúpeľňa: sprchovací kút Lódžia: áno - 2 Pivnica: áno Výťah: áno Parkovanie: vonkajšie Postavené z: panel Zateplený objekt: áno Energetický certifikát: B",,Trnava,,3,67,Kompletná rekonštrukcia,,,,,138000,2060,https://www.bazos.sk/img/1/610/184775610.jpg?t=1761985348,https://www.bazos.sk/img/1t/610/184775610.jpg?t=1761985348,https://www.bazos.sk/img/2t/610/184775610.jpg?t=1761985348
bazos_sk,predam,183389890,https://reality.bazos.sk/inzerat/183389890/slnecny-3-izbovy-byt-v-trnave-s-parkovacim-miestom.php,Slnečný 3. izbový byt v Trnave s parkovacím miestom,"Typ: 3-izbový byt Ulica: Koniarekova Obec: Trnava REALL INVEST predstavuje . . . Byt s rozlohou 72 m² na 11. podlaží bytového domu na ulici Koniarekova v Trnave prešiel kompletnou a kvalitnou rekonštrukciou – od nových rozvodov, cez podlahy, až po modernú kúpeľňu a kuchyňu. Predstav si, že ráno vstaneš, pripravíš si voňavú kávu v modernej kuchyni so vstavanými spotrebičmi a vyjdeš na priestrannú loggiu, kde ťa privíta panoramatický výhľad na Trnavu a Malé Karpaty. Po práci si tu môžeš vychutnať pohár vína pri západe slnka, alebo si v lete dopriať raňajky na čerstvom vzduchu. Dispozícia a atmosféra bytu: Vstupná chodba, ktorá pôsobí vzdušne a prakticky prepája všetky miestnosti. Izba s veľkým oknom a nádherným výhľadom – ideálna ako spálňa alebo pracovňa. Samostatná toaleta a kúpeľňa s vaňou a druhou toaletou pre maximálne pohodlie. Svetlá kuchyňa s dostatkom pracovnej plochy a priestorom na spoločné varenie aj stolovanie. Ďalšia izba s veľkým vstavaným rolldorom, ktorý ukryje všetko potrebné. Priestranná obývacia izba – dostatočne veľká, aby pojala pohodlnú sedačku aj jedálenský stôl, kde sa zídu priatelia a rodina. Bonusy, ktoré si zamiluješ: Parkovacie miesto v osobnom vlastníctve – obrovská výhoda v Trnave, kde je parkovanie často problém. Parkovisko je ohradené a dostanete sa tam výhradne len cez elektrickú rampu . K bytu  prislúcha ešte komora, ktorú je možné využiť aj ako praktický šatník alebo priestor pre nepotrebné/potrebné veci čím si viete rozšíriť vnútornú bytovú výmeru :) Výborná poloha – rýchle napojenie na diaľnicu, kompletná občianska vybavenosť v pešej dostupnosti. Tento byt je ideálny aj ako investícia – garantujeme minimálny výnos 800 € mesačne z prenájmu. Vďaka našej správe a databáze preverených klientov vám vieme okamžite zabezpečiť spoľahlivého nájomcu, čo znamená, že váš výnos začína plynúť prakticky hneď po kúpe. Spoločnosť REALL INVEST vám poskytne výhodné financovanie prostredníctvom nášho skúseného hypotekárneho špecialistu a zároveň kompletný právny servis k prevodu nehnuteľnosti. Všetko zariadime za vás – od prvého kroku až po podpis zmluvy – aby ste si mohli bez starostí a zbytočného stresu splniť svoj sen o novom domove či dlhodobej investícii. Stačí sa rozhodnúť – o ostatné sa postaráme my, aby ste si mohli bez starostí splniť svoj investičný alebo rodinný sen. V prípade záujmu o obhliadku či viac informácií ma neváhajte kontaktovať telefonicky, SMS alebo e-mailom. REALL INVEST – spoľahlivý partner pri kúpe vašej budúcej nehnuteľnosti. Status: aktívne Vlastníctvo: osobné Úžitková plocha: 72 m2 Stav: úplne prerobený Počet izieb: 3 Energetický certifikát: A Typ budovy: panelová stavba Typ výbavy: čiastočne vybavený Loggia: áno Vonkajšie parkovanie: áno Verejné vonkajšie parkovanie: áno Výťah: áno Rok poslednej rekonštrukcie: 2018 Rok kolaudácie: 1980 Po",,Trnava,,,72,Kompletná rekonštrukcia,,1980,,,138000,1917,https://www.bazos.sk/img/1/890/183389890.jpg?t=1760334634,https://www.bazos.sk/img/1t/890/183389890.jpg?t=1760334634,https://www.bazos.sk/img/2t/890/183389890.jpg?t=1760334634
bazos_sk,predam,184744247,https://reality.bazos.sk/inzerat/184744247/centrum-velky-tehlovy-3i-byt-loggia-garaz-pesia-zona.php,"CENTRUM - Veľký tehlový 3i. byt. loggia, garáž, pešia zóna","Ponúkam na predaj v centre mesta veľký tehlový 3 izbový byt s halou + veľká loggia veľkou pivnicou a garážou v uzatvorenom dvore. Podlahová plocha bytu je 85m2 + veľká loggia + plocha pivnice cca 7m2 + garáž cca 18m2. Byt je po čiastočnej rekonštrukcii: plastové okná, zánovná kuchynský drevená linka, dávnejšie prerobená murovaná kúpeľňa s vaňou a samostatné WC, bezpečnostné vchodové dvere. Byt je veľmi dobre dispozične navrhnutý: Vchádza sa do priestrannej chodby, ktorá je prepojená s veľkou halou cez ktorú sa dostanete vpravo do veľkej obývacej izby, alebo v ľavo do spálne prípadne do detskej izby a kúpeľne. Zo vstupnej chodby sa vchádza v pravo do kuchyne z ktorej sa dá dostať dverami do obývacej izby a z chodby za dverami vľavo sa nachádza WC. Byt je priestranný svetlý v samom centre mesta na ul. Hlavná. Nachádza sa na 4 poschodí bez výťahu. Kúpna cena komplet byt + garáž + pivnica s províziou RK je 249,900,-€",,Trnava,,3,85,Kompletná rekonštrukcia,,,,,138000,1624,https://www.bazos.sk/img/1/247/184744247.jpg?t=1761819205,https://www.bazos.sk/img/1t/247/184744247.jpg?t=1761819205,https://www.bazos.sk/img/2t/247/184744247.jpg?t=1761819205
bazos_sk,predam,184703964,https://reality.bazos.sk/inzerat/184703964/priestranny-2izb-byt-s-lodziou-a-parkovanim-v-garazi.php,Priestranný 2izb. byt s lodžiou a parkovaním v garáži,"Realitná spoločnosť PRIUS Vám predstavuje na predaj priestranný, slnečný 2-izbový byt s podlahovou plochou 59,51 m², nachádzajúci sa na adrese Hlavná 7087/3, Biely Kostol – v pokojnej lokalite s výbornou dostupnosťou do centra Trnavy. Byt je situovaný v bytovom dome kolaudovanom v roku 2006 a je postavený z pálenej tehly, čo zaručuje kvalitnú a pevnú stavbu s dobrými tepelnoizolačnými vlastnosťami. V roku 2023 byt prešiel kompletnou rekonštrukciou, v rámci ktorej bol dôkladne obnovený do moderného a útulného štandardu. Osadená bola vodeodolná laminátová podlaha Dub Montana (8 mm), nové interiérové dvere so zárubňami, moderné LED osvetlenie s nastaviteľnou teplotou svetla a nová sanita v kúpeľni aj samostatnej toalete. V kuchyni bola inštalovaná nová kuchynská linka so vstavanými spotrebičmi – umývačkou riadu Whirlpool, elektrickou varnou doskou, rúrou na pečenie a voľne stojacou chladničkou Gorenje. Byt pôsobí veľmi svetlo a priestranne – denné svetlo sem vnášajú plastové okná s dvojsklom, a navyše má dva vstupy na balkón – z obývacej izby aj zo spálne. Balkón s výmerou 4 m² je ideálnym miestom na rannú kávu či večerný oddych. Vykurovanie je centrálne, čo zabezpečuje komfort a nízke prevádzkové náklady. Byt sa predáva kompletne zariadený, stačí si priniesť osobné veci a môžete okamžite bývať. Medzi hlavné výhody tejto nehnuteľnosti patrí jej priestrannosť, svetlosť, blízkosť centra mesta, ako aj detské ihrisko priamo pri dome a bezproblémové parkovanie v garáži. K bytu patrí aj samostatná pivnica o rozlohe ďalších 1,8 m² a vlastné parkovacie státie o výmere 23,54 m² v spoločnej garáži priamo na prízemí bytového domu – pohodlie, ktoré ocení každý, nakoľko už nikdy sa nebudete trápiť hľadaním miesta! Nízke mesačné náklady - Mesačné náklady (fond opráv a voda): 138 eur, - Elektrina: 21 eur, - Optický internet: 27 eur. Ak hľadáte domov, ktorý spája praktickosť, kvalitu, moderný dizajn a pokojné bývanie na dosah mesta, tento byt v Bielom Kostole vás určite osloví. Lokalita: Lokalita Hlavná 7087/3 v Bielom Kostole predstavuje ideálny kompromis pre pokojné rodinné bývanie blízko prírody (Malé Karpaty, Kamenný mlyn) a zároveň s rýchlou dostupnosťou do mesta Trnava (cca 10 min. autom), s kompletnou občianskou vybavenosťou (škôlka, obchody, ihrisko) priamo v obci. Pre lepšiu predstavu o dispozičnom riešení si prosím pozrite Virtuálnu prehliadku: https://my.matterport.com/show/?m=HDUuDQ9H6Dk Videoprezentácia: https://www.youtube.com/watch?v=E6JZbjhwJEM",,Trnava,,2,60,Kompletná rekonštrukcia,2023,2006,7087/3,,163000,2717,https://www.bazos.sk/img/1/964/184703964.jpg?t=1761723100,https://www.bazos.sk/img/1t/964/184703964.jpg?t=1761723100,https://www.bazos.sk/img/2t/964/184703964.jpg?t=1761723100
bazos_sk,predam,184676994,https://reality.bazos.sk/inzerat/184676994/gestto-3-izbova-novostavba-na-predaj-parkovacie-miesto.php,GESTTO | 3-IZBOVÁ NOVOSTAVBA NA PREDAJ | PARKOVACIE MIESTO |,"Vo výhradnom zastúpení majiteľov nehnuteľnosti Vám realitná kancelária GESTTO ponúka na predaj prevažne zariadený 3-izbový byt s balkónom a loggiou, situovaný v rámci projektu Poronda – Polianky (kolaudácia 2023) v obci Zavar. Nehnuteľnosť o celkovej výmere úžitkovej plochy 80,49 m² (byt – 71,96 m², loggia – 5,65 m², balkón 2,88 m²) leží na 2/3 poschodí. Mesačné náklady pre 3-člennú domácnosť predstavujú sumu vo výške cca 135€ (príspevok do FO, služby, elektrina, plyn). V cene bytu je zahrnuté aj parkovacie miesto v osobnom vlastníctve predávajúcich. Dispozícia : –vstupná chodba s úložným priestorom –oproti vstupu do bytu sa nachádza bytové jadro, ktoré tvorí kúpeľňa a samostatné WC –ostatná dispozícia bytu je funkčne rozdelená na dennú a nočnú časť –z chodby vľavo – denná časť – obývacia miestnosť (18,29 m²) s balkónom, ďalej prechodná do kuchyne (9,23 m²) – obe s juho-západnou orientáciou –vpravo – spálňa (13,11 m²) s výstupom na loggiu a následne detská izba (13,22 m²), obe izby sú nepriechodné, orientované na severo-východ –technická miestnosť/šatník -parkovacie miesto – pred bytovým domom -pozrite si videoobhliadku, pôdorys bytu je na vyžiadanie Stav & technické informácie : –bezpečnostné protipožiarne vstupné dvere do bytu –6-komorové plastové okná s izolačným 3-sklom –murivo – obvodové – keramické tvárnice s hrúbkou 450 mm, nosné a deliace murivo – keramické tvárnice, hr. 300 mm, stropné dosky su zo železobetónových prefabrikovaných dosiek, steny sú ukončené jemnými vápenno-cementovými strojovými omietkami a bielymi maľovkami –podlahy v obytnej časti bytu sú ukončené laminátovou krytinou (hr. 8mm, drážka 4V + biele soklové lišty, výška 50 mm), v rámci kúpelne a WC keramickou protišmykovou dlažbou s rektifikovanou špárou –biele interierové dvere s obložkami + nerezové kľučky a rozerty –kuchynská linka vyrábaná na mieru so vstavanými spotrebičmi zn. MORA (chladnička s mrazničkou, plynový sporák, digestor, umývačka riadu, mikrovlnná rúra, teplovzdušná rúra) + granitový drez s batériou antracitovej farby –WC – predstenový splachovací systém, odvetrávanie, –kúpeľňa – kúpelňový nábytok s umývadlom, vaňa (1700x700x440), odvetrávanie –ohrev vody zabezpečuje kondenzačný plynový kotol zn. BUDERUS, vykurovanie prostredníctvom oceľových panelových radiátorov s termohlavicami, regulovaných termostatom –internet a TV – Telekom Lokalita: Daná lokalita je ideálnym miestom pre tých, ktorí hľadajú pohodlný život v blízkosti mesta. Obec Zavar ponúka kompletnú občiansku vybavenosť, ktorá zaručuje všetky potrebné služby na dosah ruky – obchody, školy, škôlky, zdravotné stredisko a ďalšie. Pre rodiny je k dispozícii základná škola a materská škola, čo zabezpečuje bezstarostnú každodennú starostlivosť o deti. Dopravná dostupnosť je vynikajúca – Zavar je vzdialený len pár minút jazdy od Trnavy, kde nájdete množstvo pracovných a voľnočasových možností. Autobusové spojenia",,Trnava,,,80,Kompletná rekonštrukcia,,2023,2/3,,198700,2484,https://www.bazos.sk/img/1/994/184676994.jpg?t=1761653312,https://www.bazos.sk/img/1t/994/184676994.jpg?t=1761653312,https://www.bazos.sk/img/2t/994/184676994.jpg?t=1761653312
bazos_sk,predam,184676461,https://reality.bazos.sk/inzerat/184676461/kompletne-zrekonstruovany-3-izb-v-tichej-lokalite.php,Kompletne zrekonštruovaný 3 izb. v tichej lokalite,"Ponúkame vám na predaj, novo kompletne a kvalitne prerobený 3 izb. byt na ulici Zelenečská. Byt je situovaný na 3. poschodí v zrekonštruovanom a zateplenom tehlovom bytovom dome. Podlahová plocha bytu 61 m2 vrátane menšieho balkóna. K bytu prislúcha aj 2x pivničná kobka. Rekonštrukciu realizovala firma Home makers. www.homemakers.sk Nové vchodové bezpečnostné dvere Nové rozvody elektriny a internetu Stierky, maľovka, znížené stropy Vyrovnanie a nové podlahy Interiérové dvere a zárubne Nová sanita, odpad v kúpeľni Nové radiátory Nová kuchynská linka so spotrebičmi Príprava na klimatizáciu + jedna klimatizačná jednotka v cene. Byt má nový vlastný prietokový elektrický kotol s termostatom. Mesačné náklady na bývanie sú cca do 170,- Eur. Byt je možné aj vymeniť za starší 2 alebo 3 izb. byt, ideálne v pôvodnom stave + doplatok. Príjemný, čistý a tichý vchod s pohodovými susedmi vám zaručí ten najlepší komfort bývania. Bytový dom je ďalej od cesty čo prispieva tiež k menšiemu hluku a väčšiemu komfortu. Parkovanie pred bytovým domom je bezproblémové. Pre viac informácií a obhliadky ma kontaktujte na tel.č: 0948 529 258 Ondrej Cíferský",,Trnava,,3,61,Kompletná rekonštrukcia,,,,,138000,2262,https://www.bazos.sk/img/1/461/184676461.jpg?t=1761779810,https://www.bazos.sk/img/1t/461/184676461.jpg?t=1761779810,https://www.bazos.sk/img/2t/461/184676461.jpg?t=1761779810
bazos_sk,predam,184503147,https://reality.bazos.sk/inzerat/184503147/len-u-nas-predaj-moderneho-3-izboveho-bytu-v.php,LEN U NÁS - Predaj moderného 3-izbového bytu v...,"LEN U NÁS - Predaj moderného 3-izbového bytu v novostavbe o rozlohe 70m2 s parkovacím miestom, belkónom, výťahom a terasou. TUreality ponúka na predaj priestranný 3-izbový byt v modernej 8-ročnej novostavbe v obľúbenej lokalite Trnava. Byt má výmeru 70 m2 a ponúka výnimočný komfort bývania s balkónom aj spoločnou strešnou terasou. Výhody a vybavenie: 3 samostatné izby, obývacia izba s kuchynským kútom, kúpeľna, toaleta, komora, balkón vhodný na pestovanie obľúbených kvetov a byliniek, spoločná strešná terasa s krásnym výhľadom – kde sa cez leto griluje, relaxuje alebo cvičí jóga, vlastné parkovacie miesto v uzavretom areáli, ďalšie parkovacie miesto pred bytovkou, výťah v bytovom dome, nízke mesačné náklady – do 150 €, zasúvacie dvere pre úsporu priestoru, byt je voľný po dohode, k nasťahovaniu ihneď. Lokalita: Ulica patrí medzi vyhľadávané časti Trnavy – pokojná,s dobrou dostupnosťou do centra aj na obchvat. V okolí sa nachádza: nákupné centrum City Park a Tesco, škôlky, školy, kaviarne, reštaurácie, MHD zastávky a rýchly výjazd na diaľnicu D1. Možnosti športu a relaxu: Trnava ponúka skvelé podmienky pre aktívny život – cyklotrasy a bežecké chodníky v okolí Kamenného mlyna, mestské športoviská, fitness centrá, plaváreň a tenisové kurty, relaxačné zóny a parky pre prechádzky či beh. Byt spája komfort moderného bývania, výbornú polohu a súkromie – ideálna voľba pre rodinu alebo pár, ktorý hľadá štýlové a praktické bývanie v Trnave. PARKOVACIE miesto v uzatvrorenom areáli: 10 tis eur k cene. Pri rýchlom jednaní dohoda možná. Kontaktujte nás pre viac informácií alebo obhliadku! Pre viac informácii kontaktujte, prosím, Ing. Janu Beňačkovú, RSc: benackova@tureality.sk, tel. centrála +421 41 3217800.",,Trnava,,,70,Novostavba,,,,,138000,1971,https://www.bazos.sk/img/1/147/184503147.jpg?t=1761730904,https://www.bazos.sk/img/1t/147/184503147.jpg?t=1761730904,https://www.bazos.sk/img/2t/147/184503147.jpg?t=1761730904
bazos_sk,predam,183888927,https://reality.bazos.sk/inzerat/183888927/2-izbovy-byt-l-podjavorinskej-a-okolie.php,"2 izbový byt Ľ. Podjavorinskej, Hospodárska, Špačinská cesta","Dobrý deň, hľadám pre klienta 2 Izbový byt v Trnave na ulici Ľ. Podjavorinskej, Hospodárska, Študentská, Špačinská cesta v pôvodnom stave. Kontaktujte ma na tel. čísle 0948 730 130, alebo mail denis@machacreal.sk",,Trnava,,2,,Pôvodný stav,,,,,138000,,https://www.bazos.sk/img/1t/889/184811889.jpg?t=1761997484,https://www.bazos.sk/img/1t/790/184811790.jpg,https://www.bazos.sk/img/1t/755/184811755.jpg
bazos_sk,predam,184016583,https://reality.bazos.sk/inzerat/184016583/exkluzivny-3i-byt-111-m-so-zahradou-a-3-park-miestami.php,Exkluzívny 3i byt 111 m² so záhradou a 3 park. miestami,"Ponúkame exkluzívne na predaj priestranný 3-izbový byt s výmerou 111 m², ktorý sa nachádza na adrese Nobelová 7, Trnava. Byt zaujme svojou veľkorysou dispozíciou, súkromnou záhradou, tromi parkovacími miestami a možnosťou ďalšieho rozšírenia obytného priestoru. Dispozícia a vybavenie Byt pozostáva zo vstupnej chodby, kuchyne, obývacej izby, dvoch spální, kúpeľne a samostatného WC. K dispozícii sú dve loggie – jedna orientovaná na severozápad (kuchyňa) a druhá na juhovýchod (spálne a obývačka), čo zabezpečuje dostatok denného svetla počas celého dňa. K bytu patrí aj priestranná záhrada so zimnou časťou, v ktorej je zavedená elektrina a dá sa využívať celoročne – ideálne miesto na posedenie alebo oddych aj počas zimných mesiacov. Súčasťou je aj povala v rozlohe bytu, ktorú je možné prerobiť na obytné podkrovie, a dve veľké pivnice s množstvom úložného priestoru alebo možnosťou iného využitia. Veľkou výhodou sú tri súkromné parkovacie miesta, čo je v tejto lokalite výrazný benefit. Technické informácie Byt sa nachádza na 3. podlaží bytového domu bez výťahu Podlahová plocha: 111 m² Rok výstavby: 1933 (kolaudácia 1. 1. 1933) Vek stavby: približne 92 rokov Zateplenie bytového domu je schválené a naplánované na jar 2026 Ťarchy: bez ťarchy Stav zariadenia: komplet zariadený alebo po dohode vyprataný podľa požiadaviek kupujúceho Lokalita Nehnuteľnosť sa nachádza v obľúbenej časti mesta Trnava – na Nobelovej ulici, ktorá ponúka výbornú dostupnosť do centra aj do priemyselnej zóny. V okolí sa nachádza kompletná občianska vybavenosť: MHD, obchody, školy, škôlky, zdravotné strediská aj športoviská. Ulica je tichá a poskytuje pokojné bývanie v kombinácii s mestským komfortom. Výhody a potenciál 111 m² úžitkovej plochy + pivnice + povala + záhrada 2 loggie s ideálnou orientáciou 3 súkromné parkovacie miesta Možnosť rozšírenia o obytné podkrovie Tichá lokalita s kompletnou občianskou vybavenosťou Výborná investícia – priestor pre rodinu aj pre investorov",,Trnava,,,111,Kompletná rekonštrukcia,,,,,138000,1243,https://www.bazos.sk/img/1/583/184016583.jpg?t=1761642333,https://www.bazos.sk/img/1t/583/184016583.jpg?t=1761642333,https://www.bazos.sk/img/2t/583/184016583.jpg?t=1761642333
bazos_sk,predam,183957195,https://reality.bazos.sk/inzerat/183957195/slnecny-3i-byt-s-garazou-kompletna-rekonstrukcia.php,"Slnečný 3i byt s garážou, kompletná rekonštrukcia","Ponúkam na predaj nádherný kompletne zrekonštruovaný 3 izbový byt na Orešianskej ulici v Trnave. Nachádza sa v nízkopodlažnom bytovom dome na oplotenom pozemku s množstvom zelene. Situovaný na 1p/2p bytového domu. Celková rozloha bytu je 60m2, z toho 1,70m2 je balkón. Prislúcha mu garáž a pivnica. DISPOZÍCIA: - priestranná vstupná chodba - kúpeľňa so sprchovým kútom a WC - moderná kuchyňa so vstavanými spotrebičmi - obývacia izba - spálňa -detská izba prípadne pracovňa Kompletná rekonštrukcia bytu zahŕňa: - nové plastové okná - interiérové dvere s obložkovými zárubňami - bezpečnostné vchodové dvere - murované jadro - plávajúce podlahy a dlažba - medené rozvody elektriny, vody, odpad, rozvodmi na internet a TV - znížené stropy sadrokartónom + stierka v celom byte, 3x vymaľované na bielo - kuchynská linka na mieru - obklad a sanita v kúpeľni a WC - kúrenie v byte zabezpečené novým kondenzačným kotlom PROTHERM + nové radiátory Bytový dom taktiež prešiel rekonštrukciou a je plánovaná oprava fasády.",,Trnava,,3,60,Kompletná rekonštrukcia,,,,,138000,2300,https://www.bazos.sk/img/1/195/183957195.jpg?t=1759995720,https://www.bazos.sk/img/1t/195/183957195.jpg?t=1759995720,https://www.bazos.sk/img/2t/195/183957195.jpg?t=1759995720
bazos_sk,predam,184811889,https://reality.bazos.sk/inzerat/184811889/rk-diamant-predaj-1-izboveho-bytu-ttekela.php,RK Diamant - predaj 1 izbového bytu T.Tekela,"Predáme 1 izbový byt v zateplenom bytovom dome v tesnej blízkosti Kauflandu, Lidla, polikliniky, autobusovej zastávky na 5. poschodí s výťahom. Byt pozostáva z priestrannej vstupnej chodby, samostatného WC, kúpeľne, izby s balkónom, veľkej kuchyne, k bytu patrí pivnica. Byt je v pôvodnom, udržiavanom stave. Voľný 31.1.2026 Byt má 38m2 Náklady cca 100EUR/mesiac Byt je vhodný aj ako investícia. Bližšie informácie a obhliadky na tel.č.p.Diamantová 0915733376",,Trnava,,1,38,Pôvodný stav,,,,,,,https://www.bazos.sk/img/1/889/184811889.jpg?t=1761997484,https://www.bazos.sk/img/1t/889/184811889.jpg?t=1761997484,https://www.bazos.sk/img/2t/889/184811889.jpg?t=1761997484
bazos_sk,predam,184811790,https://reality.bazos.sk/inzerat/184811790/byt-v-povodnom-stave-v-trnave.php,Byt v pôvodnom stave v Trnave,"Dobrý deň prajem, prosím ponúknite byt v pôvodnom stave na predaj . Kontakt : 0904 273 545",,Trnava,,,,Pôvodný stav,,,,,138000,,https://www.bazos.sk/img/1/790/184811790.jpg,https://www.bazos.sk/img/1t/889/184811889.jpg?t=1761997484,https://www.bazos.sk/img/1t/755/184811755.jpg
bazos_sk,predam,184811755,https://reality.bazos.sk/inzerat/184811755/treef-pripravuje-4-izbovy-byt-hlboka-ulica.php,TREEF pripravuje 4-izbový byt - HLBOKÁ ulica,"TREEF pripravuje: 4-izbový byt po kompletnej rekonštrukcii – Trnava, Hlboká ulica Realitná kancelária TREEF pripravuje na predaj 4-izbový byt v Trnave na obľúbenej Hlbokej ulici. Byt prechádza kompletnou rekonštrukciou, čo znamená, že nový majiteľ nemusí riešiť žiadne ďalšie úpravy – stačí sa nasťahovať a bývať bez starostí. Výhody bytu po rekonštrukcii: •	všetko nové a pripravené na okamžité užívanie •	úspora času, financií a energie za stavebné práce •	moderný dizajn a kvalitné materiály Výhody lokality – Hlboká ulica, Trnava: •	vyhľadávaná časť Trnavy s kompletnou občianskou vybavenosťou •	blízkosť centra mesta a rýchla dostupnosť služieb •	školy, škôlky, obchody a parky v pešej dostupnosti •	pokojné a bezpečné prostredie vhodné pre rodiny aj investíciu Viac informácií a fotografie už čoskoro. Kontakt a obhliadka: 0904 273 545 Info@treef.sk",,Trnava,,,,Kompletná rekonštrukcia,,,,,138000,,https://www.bazos.sk/img/1/755/184811755.jpg,https://www.bazos.sk/img/1t/755/184811755.jpg,https://www.bazos.sk/img/2t/755/184811755.jpg
bazos_sk,predam,184811398,https://reality.bazos.sk/inzerat/184811398/treef-ponuka-3-izbovy-byt-po-kompletnej-rekonstrukcii.php,Treef ponúka 3-izbový byt po kompletnej rekonštrukcii,"Realitná kancelária TREEF vám ponúka priestranný 3-izbový byt s rozlohou 66 m², ktorý sa nachádza v jednej z najobľúbenejších častí Trnavy – na ulici Andreja Kubinu. Byt prešiel kompletnou rekonštrukciou v roku 2025 a je úplne neobývaný, pripravený na svojich prvých majiteľov. CHARAKTERISTIKA NEHNUTEĽNOSTI: Dispozícia: 3 izby + kuchyňa + kúpeľňa + WC + balkón Poschodie: ideálne 5. poschodie s novým výťahom Stav: kompletná rekonštrukcia – nové rozvody, podlahy, sanita, kuchynská linka, interiérové dvere Balkón: áno, s výhľadom na zeleň Výhľady: z každej izby sa otvára panoramatický výhľad na Trnavu Parkovanie: bezproblémové parkovanie priamo pred bytovým domom Pivnica: k bytu prislúcha pivničný priestor Interiér pôsobí svetlo, moderne a harmonicky – každý detail bol premyslený tak, aby vytváral príjemný pocit domova. Vďaka kvalitným materiálom a nadčasovému dizajnu je byt ideálny na okamžité nasťahovanie bez ďalších investícií. LOKALITA: Ulica Andreja Kubinu patrí medzi stabilné a vyhľadávané rezidenčné lokality v Trnave. V bezprostrednej blízkosti sa nachádza: Supermarket Kaufland Základná škola, materská škola, detské ihriská Zastávky MHD, cyklotrasy, športoviská Kompletná občianska vybavenosť na dosah ruky Okolie je pokojné, plné zelene a priateľskej atmosféry – ideálne pre rodiny, páry aj jednotlivcov, ktorí hľadajú kvalitné bývanie v dobre dostupnej lokalite. VÝHODY BYTU: Neobývaný po rekonštrukcii – všetko nové Priestranná výmera 66 m² Výborné poschodie s novým výťahom Balkón a výhľady na mesto Pokojné prostredie s občianskou vybavenosťou Skvelá investícia aj na prenájom KONTAKTUJTE NÁS: Neváhajte nás kontaktovať a dohodnite si obhliadku ešte dnes. Radi vám byt osobne predstavíme. Michaela Drietonská  0904 273 545  info@treef.sk",,Trnava,,3,66,Kompletná rekonštrukcia,,2025,,,138000,2091,https://www.bazos.sk/img/1/398/184811398.jpg,https://www.bazos.sk/img/1t/398/184811398.jpg,https://www.bazos.sk/img/2t/398/184811398.jpg
bazos_sk,predam,184811253,https://reality.bazos.sk/inzerat/184811253/treef-ponuka-2-i-byt-na-hlinach-v-trnave.php,Treef ponúka 2 i byt na Hlinách v Trnave .,"Realitná kancelária Treef ponúka 2 i byt na Hlinách v Trnave . VÝHODY NEHNUTEĽNOSTI: • kompletne zrekonštruovaný v roku 2025 • ihneď voľný • nízke mesačné náklady • 4. poschodie – príjemná výška, dobré svetlo • bezpečnostné dvere pre maximálne pohodlie a pocit bezpečia • kuchynská linka na mieru s priestorom pre barové sedenie alebo malý stolík • priestranná chodba s možnosťou vstavanej skrine podľa vášho štýlu • samostatná kúpeľňa so sprchovým kútom • samostatné WC • obývačka prepojená s kuchyňou • druhá izba so vstupom na loggiu – ideálna ako spálňa alebo home office Lokalita Na Hlinách Obľúbená časť s kompletnou občianskou vybavenosťou: obchody, MHD, služby aj možnosti na relax sú pár minút od domu. Perfektný výber pre: • jednotlivca alebo pár s aktívnym životným štýlom • ľudí, ktorí nechcú riešiť ďalšie prerábky • investorov hľadajúcich príležitosť na prenájom Zaujal vás? Zavolajte a rada vám ho ukážem pri obhliadke. Michaela Drietonská 0904 273 545 info@treef.sk",,Trnava,,,,Kompletná rekonštrukcia,,,,,138000,,https://www.bazos.sk/img/1/253/184811253.jpg,https://www.bazos.sk/img/1t/253/184811253.jpg,https://www.bazos.sk/img/2t/253/184811253.jpg
